<?xml version="1.0" encoding="utf-8"?>
<edmx:Edmx Version="1.0" xmlns:edmx="http://schemas.microsoft.com/ado/2007/06/edmx" xmlns:m="http://schemas.microsoft.com/ado/2007/08/dataservices/metadata" xmlns:sap="http://www.sap.com/Protocols/SAPData">
    <edmx:DataServices m:DataServiceVersion="2.0">
        <Schema Namespace="ZGW_GATEPASS_SRV" xml:lang="en" sap:schema-version="1" xmlns="http://schemas.microsoft.com/ado/2008/09/edm">
            <EntityType Name="HT001w" sap:content-version="1">
                <Key>
                    <PropertyRef Name="Werks"/>
                </Key>
                <Property Name="Werks" Type="Edm.String" Nullable="false" MaxLength="4" sap:unicode="false" sap:label="Plant" sap:creatable="false" sap:updatable="false" sap:sortable="false" sap:filterable="false"/>
                <Property Name="Sort2" Type="Edm.String" Nullable="false" MaxLength="20" sap:unicode="false" sap:label="Search Term 2" sap:creatable="false" sap:updatable="false" sap:sortable="false" sap:filterable="false"/>
                <Property Name="Sort1" Type="Edm.String" Nullable="false" MaxLength="20" sap:unicode="false" sap:label="Search Term 1" sap:creatable="false" sap:updatable="false" sap:sortable="false" sap:filterable="false"/>
                <Property Name="PostCode1" Type="Edm.String" Nullable="false" MaxLength="10" sap:unicode="false" sap:label="Postal Code" sap:creatable="false" sap:updatable="false" sap:sortable="false" sap:filterable="false"/>
                <Property Name="City1" Type="Edm.String" Nullable="false" MaxLength="40" sap:unicode="false" sap:label="City" sap:creatable="false" sap:updatable="false" sap:sortable="false" sap:filterable="false"/>
                <Property Name="Name2" Type="Edm.String" Nullable="false" MaxLength="40" sap:unicode="false" sap:label="Name 2" sap:creatable="false" sap:updatable="false" sap:sortable="false" sap:filterable="false"/>
                <Property Name="Name1" Type="Edm.String" Nullable="false" MaxLength="40" sap:unicode="false" sap:label="Name" sap:creatable="false" sap:updatable="false" sap:sortable="false" sap:filterable="false"/>
                <Property Name="Nation" Type="Edm.String" Nullable="false" MaxLength="1" sap:unicode="false" sap:label="Address Version" sap:creatable="false" sap:updatable="false" sap:sortable="false" sap:filterable="false"/>
            </EntityType>
            <EntityType Name="Kreda" sap:content-version="1">
                <Key>
                    <PropertyRef Name="Lifnr"/>
                </Key>
                <Property Name="Sortl" Type="Edm.String" Nullable="false" MaxLength="10" sap:unicode="false" sap:label="Search Term" sap:creatable="false" sap:updatable="false" sap:sortable="false" sap:filterable="false"/>
                <Property Name="Land1" Type="Edm.String" Nullable="false" MaxLength="3" sap:unicode="false" sap:label="Country" sap:creatable="false" sap:updatable="false" sap:sortable="false" sap:filterable="false"/>
                <Property Name="Pstlz" Type="Edm.String" Nullable="false" MaxLength="10" sap:unicode="false" sap:label="Postal Code" sap:creatable="false" sap:updatable="false" sap:sortable="false" sap:filterable="false"/>
                <Property Name="Mcod3" Type="Edm.String" Nullable="false" MaxLength="25" sap:unicode="false" sap:label="City" sap:creatable="false" sap:updatable="false" sap:sortable="false" sap:filterable="false"/>
                <Property Name="Mcod1" Type="Edm.String" Nullable="false" MaxLength="25" sap:unicode="false" sap:label="Name" sap:creatable="false" sap:updatable="false" sap:sortable="false" sap:filterable="false"/>
                <Property Name="Lifnr" Type="Edm.String" Nullable="false" MaxLength="10" sap:unicode="false" sap:label="Vendor" sap:creatable="false" sap:updatable="false" sap:sortable="false" sap:filterable="false"/>
                <Property Name="Loevm" Type="Edm.Boolean" Nullable="false" sap:unicode="false" sap:label="Deletion flag" sap:creatable="false" sap:updatable="false" sap:sortable="false" sap:filterable="false"/>
            </EntityType>
            <EntityType Name="Mat0m" sap:content-version="1">
                <Key>
                    <PropertyRef Name="Matnr"/>
                </Key>
                <Property Name="Maktg" Type="Edm.String" Nullable="false" MaxLength="40" sap:unicode="false" sap:label="Description" sap:creatable="false" sap:updatable="false" sap:sortable="false" sap:filterable="false"/>
                <Property Name="Spras" Type="Edm.String" Nullable="false" MaxLength="2" sap:unicode="false" sap:label="Language" sap:creatable="false" sap:updatable="false" sap:sortable="false" sap:filterable="false"/>
                <Property Name="Matnr" Type="Edm.String" Nullable="false" MaxLength="40" sap:unicode="false" sap:label="Material" sap:creatable="false" sap:updatable="false" sap:sortable="false" sap:filterable="false"/>
            </EntityType>
            <EntityType Name="polist" sap:content-version="1">
                <Key>
                    <PropertyRef Name="Ebeln"/>
                    <PropertyRef Name="Ebelp"/>
                </Key>
                <Property Name="Ebeln" Type="Edm.String" Nullable="false" MaxLength="10" sap:unicode="false" sap:label="Purchasing Doc." sap:creatable="false" sap:updatable="false" sap:sortable="false" sap:filterable="false"/>
                <Property Name="OpenQttyGp" Type="Edm.Decimal" Nullable="false" Precision="13" Scale="3" sap:unicode="false" sap:label="Open PO Quantity Gatepass" sap:creatable="false" sap:updatable="false" sap:sortable="false" sap:filterable="false"/>
                <Property Name="OpenQttyMigo" Type="Edm.Decimal" Nullable="false" Precision="13" Scale="3" sap:unicode="false" sap:label="Open PO Quantity MIGO" sap:creatable="false" sap:updatable="false" sap:sortable="false" sap:filterable="false"/>
                <Property Name="Werks" Type="Edm.String" Nullable="false" MaxLength="4" sap:unicode="false" sap:label="Plant" sap:creatable="false" sap:updatable="false" sap:sortable="false" sap:filterable="false"/>
                <Property Name="Lifnr" Type="Edm.String" Nullable="false" MaxLength="10" sap:unicode="false" sap:label="Vendor" sap:creatable="false" sap:updatable="false" sap:sortable="false" sap:filterable="false"/>
                <Property Name="Bedat" Type="Edm.DateTime" Precision="7" sap:unicode="false" sap:label="PO Date" sap:creatable="false" sap:updatable="false" sap:sortable="false" sap:filterable="false"/>
                <Property Name="Matnr" Type="Edm.String" Nullable="false" MaxLength="40" sap:unicode="false" sap:label="Material" sap:creatable="false" sap:updatable="false" sap:sortable="false" sap:filterable="false"/>
                <Property Name="Ebelp" Type="Edm.String" Nullable="false" MaxLength="5" sap:unicode="false" sap:label="Item" sap:creatable="false" sap:updatable="false" sap:sortable="false" sap:filterable="false"/>
                <Property Name="Menge" Type="Edm.Decimal" Nullable="false" Precision="13" Scale="3" sap:unicode="false" sap:label="PO Quantity" sap:creatable="false" sap:updatable="false" sap:sortable="false" sap:filterable="false"/>
                <Property Name="Netpr" Type="Edm.Decimal" Nullable="false" Precision="12" Scale="3" sap:unicode="false" sap:label="Net Price" sap:creatable="false" sap:updatable="false" sap:sortable="false" sap:filterable="false"/>
            </EntityType>
            <EntityType Name="Gatepasscreate" sap:content-version="1">
                <Key>
                    <PropertyRef Name="Gpassno"/>
                </Key>
                <Property Name="StName" Type="Edm.String" Nullable="false" MaxLength="40" sap:unicode="false" sap:label="Station Name" sap:creatable="false" sap:updatable="false" sap:sortable="false" sap:filterable="false"/>
                <Property Name="Bilbag" Type="Edm.Decimal" Nullable="false" Precision="13" Scale="3" sap:unicode="false" sap:label="No. of Bags (Party Bill )" sap:creatable="false" sap:updatable="false" sap:sortable="false" sap:filterable="false"/>
                <Property Name="Bilno" Type="Edm.String" Nullable="false" MaxLength="15" sap:unicode="false" sap:label="Party's Bill No." sap:creatable="false" sap:updatable="false" sap:sortable="false" sap:filterable="false"/>
                <Property Name="Bagavgwt" Type="Edm.Decimal" Nullable="false" Precision="13" Scale="3" sap:unicode="false" sap:label="Average Weight per Bag" sap:creatable="false" sap:updatable="false" sap:sortable="false" sap:filterable="false"/>
                <Property Name="Genum" Type="Edm.String" Nullable="false" MaxLength="10" sap:unicode="false" sap:label="Gate Entry No" sap:creatable="false" sap:updatable="false" sap:sortable="false" sap:filterable="false"/>
                <Property Name="MandiNo" Type="Edm.String" Nullable="false" MaxLength="20" sap:unicode="false" sap:label="Mandi Receipt No." sap:creatable="false" sap:updatable="false" sap:sortable="false" sap:filterable="false"/>
                <Property Name="Bedat" Type="Edm.DateTime" Nullable="false" Precision="7" sap:unicode="false" sap:label="PO Date" sap:creatable="false" sap:updatable="false" sap:sortable="false" sap:filterable="false"/>
                <Property Name="NoGunnyDed" Type="Edm.String" Nullable="false" MaxLength="1" sap:unicode="false" sap:label="No Gunny Bag Deduction" sap:creatable="false" sap:updatable="false" sap:sortable="false" sap:filterable="false"/>
                <Property Name="Ebelp" Type="Edm.String" Nullable="false" MaxLength="5" sap:unicode="false" sap:label="Item" sap:creatable="false" sap:updatable="false" sap:sortable="false" sap:filterable="false"/>
                <Property Name="NoUnldChargeDed" Type="Edm.String" Nullable="false" MaxLength="1" sap:unicode="false" sap:label="No Unloadinging Charges Deduction" sap:creatable="false" sap:updatable="false" sap:sortable="false" sap:filterable="false"/>
                <Property Name="Message" Type="Edm.String" Nullable="false" MaxLength="220" sap:unicode="false" sap:label="Message text" sap:creatable="false" sap:updatable="false" sap:sortable="false" sap:filterable="false"/>
                <Property Name="PaymentOnPbw" Type="Edm.String" Nullable="false" MaxLength="1" sap:unicode="false" sap:label="Payment on Weight (Party Bill)" sap:creatable="false" sap:updatable="false" sap:sortable="false" sap:filterable="false"/>
                <Property Name="Vendorname" Type="Edm.String" Nullable="false" MaxLength="30" sap:unicode="false" sap:label="Vendor Name" sap:creatable="false" sap:updatable="false" sap:sortable="false" sap:filterable="false"/>
                <Property Name="Brokername" Type="Edm.String" Nullable="false" MaxLength="30" sap:unicode="false" sap:label="Broker Name" sap:creatable="false" sap:updatable="false" sap:sortable="false" sap:filterable="false"/>
                <Property Name="Netpr" Type="Edm.Decimal" Nullable="false" Precision="12" Scale="3" sap:unicode="false" sap:label="PO Rate" sap:creatable="false" sap:updatable="false" sap:sortable="false" sap:filterable="false"/>
                <Property Name="TranspLrNo" Type="Edm.String" Nullable="false" MaxLength="30" sap:unicode="false" sap:label="Transporter LR No" sap:creatable="false" sap:updatable="false" sap:sortable="false" sap:filterable="false"/>
                <Property Name="Werks" Type="Edm.String" Nullable="false" MaxLength="4" sap:unicode="false" sap:label="Plant" sap:creatable="false" sap:updatable="false" sap:sortable="false" sap:filterable="false"/>
                <Property Name="Bildt" Type="Edm.DateTime" Nullable="false" Precision="7" sap:unicode="false" sap:label="Party's Bill Date." sap:creatable="false" sap:updatable="false" sap:sortable="false" sap:filterable="false"/>
                <Property Name="Gpassno" Type="Edm.String" Nullable="false" MaxLength="10" sap:unicode="false" sap:label="Gatepass Number" sap:creatable="false" sap:updatable="false" sap:sortable="false" sap:filterable="false"/>
                <Property Name="MatDoc" Type="Edm.String" Nullable="false" MaxLength="10" sap:unicode="false" sap:label="Material Doc." sap:creatable="false" sap:updatable="false" sap:sortable="false" sap:filterable="false"/>
                <Property Name="Tornbag" Type="Edm.Decimal" Nullable="false" Precision="13" Scale="3" sap:unicode="false" sap:label="No. of Torned Bags" sap:creatable="false" sap:updatable="false" sap:sortable="false" sap:filterable="false"/>
                <Property Name="DocYear" Type="Edm.String" Nullable="false" MaxLength="4" sap:unicode="false" sap:label="Mat. Doc. Year" sap:creatable="false" sap:updatable="false" sap:sortable="false" sap:filterable="false"/>
                <Property Name="Rejwt" Type="Edm.Decimal" Nullable="false" Precision="13" Scale="3" sap:unicode="false" sap:label="Rejected Weight ( MT )" sap:creatable="false" sap:updatable="false" sap:sortable="false" sap:filterable="false"/>
                <Property Name="Gpassdt" Type="Edm.DateTime" Nullable="false" Precision="7" sap:unicode="false" sap:label="Gate Pass Date" sap:creatable="false" sap:updatable="false" sap:sortable="false" sap:filterable="false"/>
                <Property Name="RejBag" Type="Edm.Decimal" Nullable="false" Precision="13" Scale="3" sap:unicode="false" sap:label="No. of Rejected Bags" sap:creatable="false" sap:updatable="false" sap:sortable="false" sap:filterable="false"/>
                <Property Name="Ebeln" Type="Edm.String" Nullable="false" MaxLength="10" sap:unicode="false" sap:label="Purchasing Doc." sap:creatable="false" sap:updatable="false" sap:sortable="false" sap:filterable="false"/>
                <Property Name="RateDifference" Type="Edm.Decimal" Nullable="false" Precision="14" Scale="3" sap:unicode="false" sap:label="Rate Difference" sap:creatable="false" sap:updatable="false" sap:sortable="false" sap:filterable="false"/>
                <Property Name="Vendorno" Type="Edm.String" Nullable="false" MaxLength="10" sap:unicode="false" sap:label="Vendor" sap:creatable="false" sap:updatable="false" sap:sortable="false" sap:filterable="false"/>
                <Property Name="WtslipQty" Type="Edm.Decimal" Nullable="false" Precision="13" Scale="3" sap:unicode="false" sap:label="Unloaded Weight ( MT )" sap:creatable="false" sap:updatable="false" sap:sortable="false" sap:filterable="false"/>
                <Property Name="Brokerno" Type="Edm.String" Nullable="false" MaxLength="30" sap:unicode="false" sap:label="Salesperson" sap:creatable="false" sap:updatable="false" sap:sortable="false" sap:filterable="false"/>
                <Property Name="WtslipBag" Type="Edm.Decimal" Nullable="false" Precision="13" Scale="3" sap:unicode="false" sap:label="No. of Unloaded Bags" sap:creatable="false" sap:updatable="false" sap:sortable="false" sap:filterable="false"/>
                <Property Name="Bilwt" Type="Edm.Decimal" Nullable="false" Precision="13" Scale="3" sap:unicode="false" sap:label="Bill Weight" sap:creatable="false" sap:updatable="false" sap:sortable="false" sap:filterable="false"/>
                <Property Name="Transporter" Type="Edm.String" Nullable="false" MaxLength="40" sap:unicode="false" sap:label="Transport Name" sap:creatable="false" sap:updatable="false" sap:sortable="false" sap:filterable="false"/>
                <Property Name="MandiTax" Type="Edm.String" Nullable="false" MaxLength="10" sap:unicode="false" sap:label="Mandi Tax Deduction" sap:creatable="false" sap:updatable="false" sap:sortable="false" sap:filterable="false"/>
                <Property Name="NoQltyDeduction" Type="Edm.String" Nullable="false" MaxLength="1" sap:unicode="false" sap:label="No Quality Deduction" sap:creatable="false" sap:updatable="false" sap:sortable="false" sap:filterable="false"/>
                <Property Name="OtherDed" Type="Edm.String" Nullable="false" MaxLength="15" sap:unicode="false" sap:label="Other Deductions" sap:creatable="false" sap:updatable="false" sap:sortable="false" sap:filterable="false"/>
                <Property Name="AnyOther" Type="Edm.String" Nullable="false" MaxLength="15" sap:unicode="false" sap:label="Any Other Deduction" sap:creatable="false" sap:updatable="false" sap:sortable="false" sap:filterable="false"/>
                <Property Name="WtslipNo" Type="Edm.String" Nullable="false" MaxLength="10" sap:unicode="false" sap:label="Weight Slip No." sap:creatable="false" sap:updatable="false" sap:sortable="false" sap:filterable="false"/>
                <Property Name="WtslipDt" Type="Edm.DateTime" Nullable="false" Precision="7" sap:unicode="false" sap:label="Weight Slip Date" sap:creatable="false" sap:updatable="false" sap:sortable="false" sap:filterable="false"/>
                <Property Name="Matnr" Type="Edm.String" Nullable="false" MaxLength="40" sap:unicode="false" sap:label="Material" sap:creatable="false" sap:updatable="false" sap:sortable="false" sap:filterable="false"/>
                <Property Name="Vehicleno" Type="Edm.String" Nullable="false" MaxLength="15" sap:unicode="false" sap:label="Vehicle No." sap:creatable="false" sap:updatable="false" sap:sortable="false" sap:filterable="false"/>
                <Property Name="Station" Type="Edm.String" Nullable="false" MaxLength="30" sap:unicode="false" sap:label="Station" sap:creatable="false" sap:updatable="false" sap:sortable="false" sap:filterable="false"/>
                <Property Name="QltyPar" Type="Edm.String" Nullable="false" MaxLength="1" sap:unicode="false" sap:label="PO spf. Qlty. Par." sap:creatable="false" sap:updatable="false" sap:sortable="false" sap:filterable="false"/>
                <Property Name="StorageLocation" Type="Edm.String" Nullable="false" MaxLength="4" sap:unicode="false" sap:label="Stor. location" sap:creatable="false" sap:updatable="false" sap:sortable="false" sap:filterable="false"/>
                <Property Name="DescOfSloc" Type="Edm.String" Nullable="false" MaxLength="16" sap:unicode="false" sap:label="Description" sap:creatable="false" sap:updatable="false" sap:sortable="false" sap:filterable="false"/>
                <Property Name="DelInd" Type="Edm.String" Nullable="false" MaxLength="1" sap:unicode="false" sap:label="Deletion Indicator" sap:creatable="false" sap:updatable="false" sap:sortable="false" sap:filterable="false"/>
            </EntityType>
            <EntityType Name="Migo" sap:content-version="1">
                <Key>
                    <PropertyRef Name="MatDoc"/>
                </Key>
                <Property Name="Bilno" Type="Edm.String" Nullable="false" MaxLength="15" sap:unicode="false" sap:label="Party's Bill No." sap:creatable="false" sap:updatable="false" sap:sortable="false" sap:filterable="false"/>
                <Property Name="Budat" Type="Edm.DateTime" Precision="7" sap:unicode="false" sap:label="Posting Date" sap:creatable="false" sap:updatable="false" sap:sortable="false" sap:filterable="false"/>
                <Property Name="Gpassdt" Type="Edm.DateTime" Precision="7" sap:unicode="false" sap:label="Gate Pass Date" sap:creatable="false" sap:updatable="false" sap:sortable="false" sap:filterable="false"/>
                <Property Name="Message" Type="Edm.String" Nullable="false" MaxLength="220" sap:unicode="false" sap:label="Message text" sap:creatable="false" sap:updatable="false" sap:sortable="false" sap:filterable="false"/>
                <Property Name="Insplot" Type="Edm.String" Nullable="false" MaxLength="12" sap:unicode="false" sap:label="Inspection lot" sap:creatable="false" sap:updatable="false" sap:sortable="false" sap:filterable="false"/>
                <Property Name="Vehicleno" Type="Edm.String" Nullable="false" MaxLength="15" sap:unicode="false" sap:label="Vehicle No." sap:creatable="false" sap:updatable="false" sap:sortable="false" sap:filterable="false"/>
                <Property Name="WtslipQty" Type="Edm.Decimal" Nullable="false" Precision="13" Scale="3" sap:unicode="false" sap:label="Unloaded Weight ( MT )" sap:creatable="false" sap:updatable="false" sap:sortable="false" sap:filterable="false"/>
                <Property Name="Gpassno" Type="Edm.String" Nullable="false" MaxLength="10" sap:unicode="false" sap:label="Gatepass Number" sap:creatable="false" sap:updatable="false" sap:sortable="false" sap:filterable="false"/>
                <Property Name="MatDoc" Type="Edm.String" Nullable="false" MaxLength="10" sap:unicode="false" sap:label="Material Doc." sap:creatable="false" sap:updatable="false" sap:sortable="false" sap:filterable="false"/>
                <Property Name="Bildt" Type="Edm.DateTime" Precision="7" sap:unicode="false" sap:label="Bill Date" sap:creatable="false" sap:updatable="false" sap:sortable="false" sap:filterable="false"/>
                <Property Name="DocYear" Type="Edm.String" Nullable="false" MaxLength="4" sap:unicode="false" sap:label="Mat. Doc. Year" sap:creatable="false" sap:updatable="false" sap:sortable="false" sap:filterable="false"/>
                <Property Name="Ebeln" Type="Edm.String" Nullable="false" MaxLength="10" sap:unicode="false" sap:label="Purchasing Doc." sap:creatable="false" sap:updatable="false" sap:sortable="false" sap:filterable="false"/>
                <Property Name="Bedat" Type="Edm.DateTime" Precision="7" sap:unicode="false" sap:label="PO Date" sap:creatable="false" sap:updatable="false" sap:sortable="false" sap:filterable="false"/>
                <Property Name="Bilbag" Type="Edm.Decimal" Nullable="false" Precision="13" Scale="3" sap:unicode="false" sap:label="Bill Bag" sap:creatable="false" sap:updatable="false" sap:sortable="false" sap:filterable="false"/>
                <Property Name="StorageLocation" Type="Edm.String" Nullable="false" MaxLength="4" sap:unicode="false" sap:label="Stor. location" sap:creatable="false" sap:updatable="false" sap:sortable="false" sap:filterable="false"/>
                <Property Name="DescOfSloc" Type="Edm.String" Nullable="false" MaxLength="16" sap:unicode="false" sap:label="Description" sap:creatable="false" sap:updatable="false" sap:sortable="false" sap:filterable="false"/>
            </EntityType>
            <EntityType Name="QAchar" sap:content-version="1">
                <Key>
                    <PropertyRef Name="Insplot"/>
                </Key>
                <Property Name="Budat" Type="Edm.DateTime" Precision="7" sap:unicode="false" sap:label="Date" sap:creatable="false" sap:updatable="false" sap:sortable="false" sap:filterable="false"/>
                <Property Name="Insplot" Type="Edm.String" Nullable="false" MaxLength="12" sap:unicode="false" sap:label="Inspection lot" sap:creatable="false" sap:updatable="false" sap:sortable="false" sap:filterable="false"/>
                <Property Name="Message" Type="Edm.String" Nullable="false" MaxLength="220" sap:unicode="false" sap:label="Message text" sap:creatable="false" sap:updatable="false" sap:sortable="false" sap:filterable="false"/>
                <Property Name="Inspchar" Type="Edm.String" Nullable="false" MaxLength="4" sap:unicode="false" sap:label="Charac. no." sap:creatable="false" sap:updatable="false" sap:sortable="false" sap:filterable="false"/>
                <Property Name="CharDescr" Type="Edm.String" Nullable="false" MaxLength="40" sap:unicode="false" sap:label="Short Text" sap:creatable="false" sap:updatable="false" sap:sortable="false" sap:filterable="false"/>
            </EntityType>
            <EntityType Name="Gatepasslist" sap:content-version="1">
                <Key>
                    <PropertyRef Name="Ebeln"/>
                    <PropertyRef Name="Gpassno"/>
                </Key>
                <Property Name="Bilwt" Type="Edm.Decimal" Nullable="false" Precision="13" Scale="3" sap:unicode="false" sap:label="Weight ( Party Bill )" sap:creatable="false" sap:updatable="false" sap:sortable="false" sap:filterable="false"/>
                <Property Name="Ebeln" Type="Edm.String" Nullable="false" MaxLength="10" sap:unicode="false" sap:label="Purchasing Doc." sap:creatable="false" sap:updatable="false" sap:sortable="false" sap:filterable="false"/>
                <Property Name="Vendorno" Type="Edm.String" Nullable="false" MaxLength="10" sap:unicode="false" sap:label="Vendor" sap:creatable="false" sap:updatable="false" sap:sortable="false" sap:filterable="false"/>
                <Property Name="Werks" Type="Edm.String" Nullable="false" MaxLength="4" sap:unicode="false" sap:label="Plant" sap:creatable="false" sap:updatable="false" sap:sortable="false" sap:filterable="false"/>
                <Property Name="Bedat" Type="Edm.DateTime" Nullable="false" Precision="7" sap:unicode="false" sap:label="PO Date" sap:creatable="false" sap:updatable="false" sap:sortable="false" sap:filterable="false"/>
                <Property Name="Matnr" Type="Edm.String" Nullable="false" MaxLength="40" sap:unicode="false" sap:label="Material" sap:creatable="false" sap:updatable="false" sap:sortable="false" sap:filterable="false"/>
                <Property Name="Gpassno" Type="Edm.String" Nullable="false" MaxLength="10" sap:unicode="false" sap:label="Gatepass Number" sap:creatable="false" sap:updatable="false" sap:sortable="false" sap:filterable="false"/>
                <Property Name="Gpassdt" Type="Edm.DateTime" Nullable="false" Precision="7" sap:unicode="false" sap:label="Gate Pass Date" sap:creatable="false" sap:updatable="false" sap:sortable="false" sap:filterable="false"/>
            </EntityType>
            <EntityType Name="Payment" sap:content-version="1">
                <Key>
                    <PropertyRef Name="Gpassno"/>
                </Key>
                <Property Name="Gpassno" Type="Edm.String" Nullable="false" MaxLength="10" sap:unicode="false" sap:label="Gatepass Number" sap:creatable="false" sap:updatable="false" sap:sortable="false" sap:filterable="false"/>
                <Property Name="NetPayAmount" Type="Edm.Decimal" Nullable="false" Precision="17" Scale="3" sap:unicode="false" sap:label="Net Payable Amount Round Off" sap:creatable="false" sap:updatable="false" sap:sortable="false" sap:filterable="false"/>
                <Property Name="Message" Type="Edm.String" Nullable="false" MaxLength="220" sap:unicode="false" sap:label="Message text" sap:creatable="false" sap:updatable="false" sap:sortable="false" sap:filterable="false"/>
            </EntityType>
            <EntityType Name="User" sap:content-version="1">
                <Key>
                    <PropertyRef Name="Userid"/>
                </Key>
                <Property Name="Userid" Type="Edm.String" Nullable="false" MaxLength="12" sap:unicode="false" sap:label="User Name" sap:creatable="false" sap:updatable="false" sap:sortable="false" sap:filterable="false"/>
                <Property Name="Matnr" Type="Edm.String" Nullable="false" MaxLength="40" sap:unicode="false" sap:label="Material" sap:creatable="false" sap:updatable="false" sap:sortable="false" sap:filterable="false"/>
                <Property Name="Werks" Type="Edm.String" Nullable="false" MaxLength="4" sap:unicode="false" sap:label="Plant" sap:creatable="false" sap:updatable="false" sap:sortable="false" sap:filterable="false"/>
                <Property Name="Lifnr" Type="Edm.String" Nullable="false" MaxLength="10" sap:unicode="false" sap:label="Vendor" sap:creatable="false" sap:updatable="false" sap:sortable="false" sap:filterable="false"/>
            </EntityType>
            <EntityType Name="Ponumber" sap:content-version="1">
                <Key>
                    <PropertyRef Name="Ebeln"/>
                </Key>
                <Property Name="Ebeln" Type="Edm.String" Nullable="false" MaxLength="10" sap:unicode="false" sap:label="Purchasing Doc." sap:creatable="false" sap:updatable="false" sap:sortable="false" sap:filterable="false"/>
                <Property Name="Werks" Type="Edm.String" Nullable="false" MaxLength="4" sap:unicode="false" sap:label="Plant" sap:creatable="false" sap:updatable="false" sap:sortable="false" sap:filterable="false"/>
                <Property Name="Lifnr" Type="Edm.String" Nullable="false" MaxLength="10" sap:unicode="false" sap:label="Vendor" sap:creatable="false" sap:updatable="false" sap:sortable="false" sap:filterable="false"/>
                <Property Name="Bedat" Type="Edm.DateTime" Nullable="false" Precision="7" sap:unicode="false" sap:label="PO Date" sap:creatable="false" sap:updatable="false" sap:sortable="false" sap:filterable="false"/>
                <Property Name="Matnr" Type="Edm.String" Nullable="false" MaxLength="40" sap:unicode="false" sap:label="Material" sap:creatable="false" sap:updatable="false" sap:sortable="false" sap:filterable="false"/>
                <Property Name="Ebelp" Type="Edm.String" Nullable="false" MaxLength="5" sap:unicode="false" sap:label="Item" sap:creatable="false" sap:updatable="false" sap:sortable="false" sap:filterable="false"/>
                <Property Name="Menge" Type="Edm.Decimal" Nullable="false" Precision="13" Scale="3" sap:unicode="false" sap:label="PO Quantity" sap:creatable="false" sap:updatable="false" sap:sortable="false" sap:filterable="false"/>
                <Property Name="Netpr" Type="Edm.Decimal" Nullable="false" Precision="12" Scale="3" sap:unicode="false" sap:label="Net Price" sap:creatable="false" sap:updatable="false" sap:sortable="false" sap:filterable="false"/>
            </EntityType>
            <EntityType Name="Gpautofill" sap:content-version="1">
                <Key>
                    <PropertyRef Name="Ebeln"/>
                    <PropertyRef Name="Werks"/>
                </Key>
                <Property Name="Brokername" Type="Edm.String" Nullable="false" MaxLength="30" sap:unicode="false" sap:label="Broker Name" sap:creatable="false" sap:updatable="false" sap:sortable="false" sap:filterable="false"/>
                <Property Name="Bedat" Type="Edm.DateTime" Nullable="false" Precision="7" sap:unicode="false" sap:label="PO Date" sap:creatable="false" sap:updatable="false" sap:sortable="false" sap:filterable="false"/>
                <Property Name="StorageLocation" Type="Edm.String" Nullable="false" MaxLength="4" sap:unicode="false" sap:label="Stor. location" sap:creatable="false" sap:updatable="false" sap:sortable="false" sap:filterable="false"/>
                <Property Name="Brokerno" Type="Edm.String" Nullable="false" MaxLength="30" sap:unicode="false" sap:label="Salesperson" sap:creatable="false" sap:updatable="false" sap:sortable="false" sap:filterable="false"/>
                <Property Name="DescOfSloc" Type="Edm.String" Nullable="false" MaxLength="16" sap:unicode="false" sap:label="Description" sap:creatable="false" sap:updatable="false" sap:sortable="false" sap:filterable="false"/>
                <Property Name="Ebeln" Type="Edm.String" Nullable="false" MaxLength="10" sap:unicode="false" sap:label="Purchasing Doc." sap:creatable="false" sap:updatable="false" sap:sortable="false" sap:filterable="false"/>
                <Property Name="Vendorno" Type="Edm.String" Nullable="false" MaxLength="10" sap:unicode="false" sap:label="Vendor" sap:creatable="false" sap:updatable="false" sap:sortable="false" sap:filterable="false"/>
                <Property Name="Gpassno" Type="Edm.String" Nullable="false" MaxLength="10" sap:unicode="false" sap:label="Gp Number dataelement" sap:creatable="false" sap:updatable="false" sap:sortable="false" sap:filterable="false"/>
                <Property Name="Vendorname" Type="Edm.String" Nullable="false" MaxLength="30" sap:unicode="false" sap:label="Vendor Name" sap:creatable="false" sap:updatable="false" sap:sortable="false" sap:filterable="false"/>
                <Property Name="Werks" Type="Edm.String" Nullable="false" MaxLength="4" sap:unicode="false" sap:label="Plant" sap:creatable="false" sap:updatable="false" sap:sortable="false" sap:filterable="false"/>
            </EntityType>
            <EntityType Name="QA" sap:content-version="1">
                <Key>
                    <PropertyRef Name="MatDoc"/>
                </Key>
                <Property Name="Message" Type="Edm.String" Nullable="false" MaxLength="220" sap:unicode="false" sap:label="Message text" sap:creatable="false" sap:updatable="false" sap:sortable="false" sap:filterable="false"/>
                <Property Name="Field10" Type="Edm.String" Nullable="false" MaxLength="22" sap:unicode="false" sap:label="Mean Value" sap:creatable="false" sap:updatable="false" sap:sortable="false" sap:filterable="false"/>
                <Property Name="UsageDecision" Type="Edm.String" Nullable="false" MaxLength="4" sap:unicode="false" sap:label="UD Code" sap:creatable="false" sap:updatable="false" sap:sortable="false" sap:filterable="false"/>
                <Property Name="Insplot" Type="Edm.String" Nullable="false" MaxLength="12" sap:unicode="false" sap:label="Inspection lot" sap:creatable="false" sap:updatable="false" sap:sortable="false" sap:filterable="false"/>
                <Property Name="Field20" Type="Edm.String" Nullable="false" MaxLength="22" sap:unicode="false" sap:label="Mean Value" sap:creatable="false" sap:updatable="false" sap:sortable="false" sap:filterable="false"/>
                <Property Name="Field30" Type="Edm.String" Nullable="false" MaxLength="22" sap:unicode="false" sap:label="Mean Value" sap:creatable="false" sap:updatable="false" sap:sortable="false" sap:filterable="false"/>
                <Property Name="Matnr" Type="Edm.String" Nullable="false" MaxLength="40" sap:unicode="false" sap:label="Material" sap:creatable="false" sap:updatable="false" sap:sortable="false" sap:filterable="false"/>
                <Property Name="Field40" Type="Edm.String" Nullable="false" MaxLength="22" sap:unicode="false" sap:label="Mean Value" sap:creatable="false" sap:updatable="false" sap:sortable="false" sap:filterable="false"/>
                <Property Name="MatDoc" Type="Edm.String" Nullable="false" MaxLength="10" sap:unicode="false" sap:label="Material Doc." sap:creatable="false" sap:updatable="false" sap:sortable="false" sap:filterable="false"/>
                <Property Name="Field50" Type="Edm.String" Nullable="false" MaxLength="22" sap:unicode="false" sap:label="Mean Value" sap:creatable="false" sap:updatable="false" sap:sortable="false" sap:filterable="false"/>
                <Property Name="Field60" Type="Edm.String" Nullable="false" MaxLength="22" sap:unicode="false" sap:label="Mean Value" sap:creatable="false" sap:updatable="false" sap:sortable="false" sap:filterable="false"/>
                <Property Name="Field70" Type="Edm.String" Nullable="false" MaxLength="22" sap:unicode="false" sap:label="Mean Value" sap:creatable="false" sap:updatable="false" sap:sortable="false" sap:filterable="false"/>
                <Property Name="Field80" Type="Edm.String" Nullable="false" MaxLength="22" sap:unicode="false" sap:label="Mean Value" sap:creatable="false" sap:updatable="false" sap:sortable="false" sap:filterable="false"/>
                <Property Name="Field90" Type="Edm.String" Nullable="false" MaxLength="22" sap:unicode="false" sap:label="Mean Value" sap:creatable="false" sap:updatable="false" sap:sortable="false" sap:filterable="false"/>
                <Property Name="ChnoField10" Type="Edm.String" Nullable="false" MaxLength="4" sap:unicode="false" sap:label="Charac. no." sap:creatable="false" sap:updatable="false" sap:sortable="false" sap:filterable="false"/>
                <Property Name="ChnoField20" Type="Edm.String" Nullable="false" MaxLength="4" sap:unicode="false" sap:label="Charac. no." sap:creatable="false" sap:updatable="false" sap:sortable="false" sap:filterable="false"/>
                <Property Name="ChnoField30" Type="Edm.String" Nullable="false" MaxLength="4" sap:unicode="false" sap:label="Charac. no." sap:creatable="false" sap:updatable="false" sap:sortable="false" sap:filterable="false"/>
                <Property Name="ChnoField40" Type="Edm.String" Nullable="false" MaxLength="4" sap:unicode="false" sap:label="Charac. no." sap:creatable="false" sap:updatable="false" sap:sortable="false" sap:filterable="false"/>
                <Property Name="ChnoField50" Type="Edm.String" Nullable="false" MaxLength="4" sap:unicode="false" sap:label="Charac. no." sap:creatable="false" sap:updatable="false" sap:sortable="false" sap:filterable="false"/>
                <Property Name="ChnoField60" Type="Edm.String" Nullable="false" MaxLength="4" sap:unicode="false" sap:label="Charac. no." sap:creatable="false" sap:updatable="false" sap:sortable="false" sap:filterable="false"/>
                <Property Name="ChnoField70" Type="Edm.String" Nullable="false" MaxLength="4" sap:unicode="false" sap:label="Charac. no." sap:creatable="false" sap:updatable="false" sap:sortable="false" sap:filterable="false"/>
                <Property Name="ChnoField80" Type="Edm.String" Nullable="false" MaxLength="4" sap:unicode="false" sap:label="Charac. no." sap:creatable="false" sap:updatable="false" sap:sortable="false" sap:filterable="false"/>
                <Property Name="ChnoField90" Type="Edm.String" Nullable="false" MaxLength="4" sap:unicode="false" sap:label="Charac. no." sap:creatable="false" sap:updatable="false" sap:sortable="false" sap:filterable="false"/>
            </EntityType>
            <EntityType Name="Gatepasshelp" sap:content-version="1">
                <Key>
                    <PropertyRef Name="Gpassno"/>
                </Key>
                <Property Name="Gpassno" Type="Edm.String" Nullable="false" MaxLength="10" sap:unicode="false" sap:label="Gatepass Number" sap:creatable="false" sap:updatable="false" sap:sortable="false" sap:filterable="false"/>
                <Property Name="Gpassdt" Type="Edm.DateTime" Nullable="false" Precision="7" sap:unicode="false" sap:label="Gate Pass Date" sap:creatable="false" sap:updatable="false" sap:sortable="false" sap:filterable="false"/>
            </EntityType>
            <EntityType Name="Gatepassdtl" sap:content-version="1">
                <Key>
                    <PropertyRef Name="Gpassno"/>
                </Key>
                <Property Name="StName" Type="Edm.String" Nullable="false" MaxLength="40" sap:unicode="false" sap:label="Station Name" sap:creatable="false" sap:updatable="false" sap:sortable="false" sap:filterable="false"/>
                <Property Name="Bilno" Type="Edm.String" Nullable="false" MaxLength="15" sap:unicode="false" sap:label="Party's Bill No." sap:creatable="false" sap:updatable="false" sap:sortable="false" sap:filterable="false"/>
                <Property Name="Ebelp" Type="Edm.String" Nullable="false" MaxLength="5" sap:unicode="false" sap:label="Item" sap:creatable="false" sap:updatable="false" sap:sortable="false" sap:filterable="false"/>
                <Property Name="MandiNo" Type="Edm.String" Nullable="false" MaxLength="20" sap:unicode="false" sap:label="Mandi Receipt No." sap:creatable="false" sap:updatable="false" sap:sortable="false" sap:filterable="false"/>
                <Property Name="Message" Type="Edm.String" Nullable="false" MaxLength="220" sap:unicode="false" sap:label="Message text" sap:creatable="false" sap:updatable="false" sap:sortable="false" sap:filterable="false"/>
                <Property Name="NoGunnyDed" Type="Edm.String" Nullable="false" MaxLength="1" sap:unicode="false" sap:label="No Gunny Bag Deduction" sap:creatable="false" sap:updatable="false" sap:sortable="false" sap:filterable="false"/>
                <Property Name="Vendorname" Type="Edm.String" Nullable="false" MaxLength="30" sap:unicode="false" sap:label="Vendor Name" sap:creatable="false" sap:updatable="false" sap:sortable="false" sap:filterable="false"/>
                <Property Name="NoUnldChargeDed" Type="Edm.String" Nullable="false" MaxLength="1" sap:unicode="false" sap:label="No Unloadinging Charges Deduction" sap:creatable="false" sap:updatable="false" sap:sortable="false" sap:filterable="false"/>
                <Property Name="Werks" Type="Edm.String" Nullable="false" MaxLength="4" sap:unicode="false" sap:label="Plant" sap:creatable="false" sap:updatable="false" sap:sortable="false" sap:filterable="false"/>
                <Property Name="Brokername" Type="Edm.String" Nullable="false" MaxLength="30" sap:unicode="false" sap:label="Broker Name" sap:creatable="false" sap:updatable="false" sap:sortable="false" sap:filterable="false"/>
                <Property Name="PaymentOnPbw" Type="Edm.String" Nullable="false" MaxLength="1" sap:unicode="false" sap:label="Payment on Weight (Party Bill)" sap:creatable="false" sap:updatable="false" sap:sortable="false" sap:filterable="false"/>
                <Property Name="Gpassno" Type="Edm.String" Nullable="false" MaxLength="10" sap:unicode="false" sap:label="Gatepass Number" sap:creatable="false" sap:updatable="false" sap:sortable="false" sap:filterable="false"/>
                <Property Name="Netpr" Type="Edm.Decimal" Nullable="false" Precision="12" Scale="3" sap:unicode="false" sap:label="PO Rate" sap:creatable="false" sap:updatable="false" sap:sortable="false" sap:filterable="false"/>
                <Property Name="Gpassdt" Type="Edm.DateTime" Nullable="false" Precision="7" sap:unicode="false" sap:label="Gate Pass Date" sap:creatable="false" sap:updatable="false" sap:sortable="false" sap:filterable="false"/>
                <Property Name="Ebeln" Type="Edm.String" Nullable="false" MaxLength="10" sap:unicode="false" sap:label="Purchasing Doc." sap:creatable="false" sap:updatable="false" sap:sortable="false" sap:filterable="false"/>
                <Property Name="Bedat" Type="Edm.DateTime" Nullable="false" Precision="7" sap:unicode="false" sap:label="PO Date" sap:creatable="false" sap:updatable="false" sap:sortable="false" sap:filterable="false"/>
                <Property Name="Vendorno" Type="Edm.String" Nullable="false" MaxLength="10" sap:unicode="false" sap:label="Vendor" sap:creatable="false" sap:updatable="false" sap:sortable="false" sap:filterable="false"/>
                <Property Name="Brokerno" Type="Edm.String" Nullable="false" MaxLength="30" sap:unicode="false" sap:label="Salesperson" sap:creatable="false" sap:updatable="false" sap:sortable="false" sap:filterable="false"/>
                <Property Name="TranspLrNo" Type="Edm.String" Nullable="false" MaxLength="30" sap:unicode="false" sap:label="Transporter LR No" sap:creatable="false" sap:updatable="false" sap:sortable="false" sap:filterable="false"/>
                <Property Name="Bildt" Type="Edm.DateTime" Nullable="false" Precision="7" sap:unicode="false" sap:label="Party's Bill Date." sap:creatable="false" sap:updatable="false" sap:sortable="false" sap:filterable="false"/>
                <Property Name="Bilwt" Type="Edm.Decimal" Nullable="false" Precision="13" Scale="3" sap:unicode="false" sap:label="Weight ( Party Bill )" sap:creatable="false" sap:updatable="false" sap:sortable="false" sap:filterable="false"/>
                <Property Name="Bilbag" Type="Edm.Decimal" Nullable="false" Precision="13" Scale="3" sap:unicode="false" sap:label="No. of Bags (Party Bill )" sap:creatable="false" sap:updatable="false" sap:sortable="false" sap:filterable="false"/>
                <Property Name="Tornbag" Type="Edm.Decimal" Nullable="false" Precision="13" Scale="3" sap:unicode="false" sap:label="No. of Torned Bags" sap:creatable="false" sap:updatable="false" sap:sortable="false" sap:filterable="false"/>
                <Property Name="Rejwt" Type="Edm.Decimal" Nullable="false" Precision="13" Scale="3" sap:unicode="false" sap:label="Rejected Weight ( MT )" sap:creatable="false" sap:updatable="false" sap:sortable="false" sap:filterable="false"/>
                <Property Name="RejBag" Type="Edm.Decimal" Nullable="false" Precision="13" Scale="3" sap:unicode="false" sap:label="No. of Rejected Bags" sap:creatable="false" sap:updatable="false" sap:sortable="false" sap:filterable="false"/>
                <Property Name="OtherDed" Type="Edm.String" Nullable="false" MaxLength="15" sap:unicode="false" sap:label="Other Deductions" sap:creatable="false" sap:updatable="false" sap:sortable="false" sap:filterable="false"/>
                <Property Name="Bagavgwt" Type="Edm.Decimal" Nullable="false" Precision="13" Scale="3" sap:unicode="false" sap:label="Average Weight per Bag" sap:creatable="false" sap:updatable="false" sap:sortable="false" sap:filterable="false"/>
                <Property Name="AnyOther" Type="Edm.String" Nullable="false" MaxLength="15" sap:unicode="false" sap:label="Any Other Deduction" sap:creatable="false" sap:updatable="false" sap:sortable="false" sap:filterable="false"/>
                <Property Name="RateDifference" Type="Edm.Decimal" Nullable="false" Precision="14" Scale="3" sap:unicode="false" sap:label="Rate Difference" sap:creatable="false" sap:updatable="false" sap:sortable="false" sap:filterable="false"/>
                <Property Name="WtslipNo" Type="Edm.String" Nullable="false" MaxLength="10" sap:unicode="false" sap:label="Weight Slip No." sap:creatable="false" sap:updatable="false" sap:sortable="false" sap:filterable="false"/>
                <Property Name="WtslipDt" Type="Edm.DateTime" Nullable="false" Precision="7" sap:unicode="false" sap:label="Weight Slip Date" sap:creatable="false" sap:updatable="false" sap:sortable="false" sap:filterable="false"/>
                <Property Name="WtslipQty" Type="Edm.Decimal" Nullable="false" Precision="13" Scale="3" sap:unicode="false" sap:label="Unloaded Weight ( MT )" sap:creatable="false" sap:updatable="false" sap:sortable="false" sap:filterable="false"/>
                <Property Name="WtslipBag" Type="Edm.Decimal" Nullable="false" Precision="13" Scale="3" sap:unicode="false" sap:label="No. of Unloaded Bags" sap:creatable="false" sap:updatable="false" sap:sortable="false" sap:filterable="false"/>
                <Property Name="Transporter" Type="Edm.String" Nullable="false" MaxLength="40" sap:unicode="false" sap:label="Transport Name" sap:creatable="false" sap:updatable="false" sap:sortable="false" sap:filterable="false"/>
                <Property Name="MandiTax" Type="Edm.String" Nullable="false" MaxLength="10" sap:unicode="false" sap:label="Mandi Tax Deduction" sap:creatable="false" sap:updatable="false" sap:sortable="false" sap:filterable="false"/>
                <Property Name="Matnr" Type="Edm.String" Nullable="false" MaxLength="40" sap:unicode="false" sap:label="Material" sap:creatable="false" sap:updatable="false" sap:sortable="false" sap:filterable="false"/>
                <Property Name="Vehicleno" Type="Edm.String" Nullable="false" MaxLength="15" sap:unicode="false" sap:label="Vehicle No." sap:creatable="false" sap:updatable="false" sap:sortable="false" sap:filterable="false"/>
                <Property Name="Station" Type="Edm.String" Nullable="false" MaxLength="30" sap:unicode="false" sap:label="Station" sap:creatable="false" sap:updatable="false" sap:sortable="false" sap:filterable="false"/>
                <Property Name="QltyPar" Type="Edm.String" Nullable="false" MaxLength="1" sap:unicode="false" sap:label="PO spf. Qlty. Par." sap:creatable="false" sap:updatable="false" sap:sortable="false" sap:filterable="false"/>
                <Property Name="StorageLocation" Type="Edm.String" Nullable="false" MaxLength="4" sap:unicode="false" sap:label="Stor. location" sap:creatable="false" sap:updatable="false" sap:sortable="false" sap:filterable="false"/>
                <Property Name="DescOfSloc" Type="Edm.String" Nullable="false" MaxLength="16" sap:unicode="false" sap:label="Description" sap:creatable="false" sap:updatable="false" sap:sortable="false" sap:filterable="false"/>
                <Property Name="DelInd" Type="Edm.String" Nullable="false" MaxLength="1" sap:unicode="false" sap:label="Deletion Indicator" sap:creatable="false" sap:updatable="false" sap:sortable="false" sap:filterable="false"/>
                <Property Name="MatDoc" Type="Edm.String" Nullable="false" MaxLength="10" sap:unicode="false" sap:label="Material Doc." sap:creatable="false" sap:updatable="false" sap:sortable="false" sap:filterable="false"/>
                <Property Name="DocYear" Type="Edm.String" Nullable="false" MaxLength="4" sap:unicode="false" sap:label="Mat. Doc. Year" sap:creatable="false" sap:updatable="false" sap:sortable="false" sap:filterable="false"/>
                <Property Name="NoQltyDeduction" Type="Edm.String" Nullable="false" MaxLength="1" sap:unicode="false" sap:label="No Quality Deduction" sap:creatable="false" sap:updatable="false" sap:sortable="false" sap:filterable="false"/>
                <Property Name="UsageDecision" Type="Edm.String" Nullable="false" MaxLength="4" sap:unicode="false" sap:label="UD Code" sap:creatable="false" sap:updatable="false" sap:sortable="false" sap:filterable="false"/>
                <Property Name="Insplot" Type="Edm.String" Nullable="false" MaxLength="12" sap:unicode="false" sap:label="Inspection lot" sap:creatable="false" sap:updatable="false" sap:sortable="false" sap:filterable="false"/>
                <Property Name="InvDocNoMiro" Type="Edm.String" Nullable="false" MaxLength="10" sap:unicode="false" sap:label="Invoice Document Number (MIRO)" sap:creatable="false" sap:updatable="false" sap:sortable="false" sap:filterable="false"/>
                <Property Name="InvDocNoFi" Type="Edm.String" Nullable="false" MaxLength="10" sap:unicode="false" sap:label="Invoice Document Number (FI)" sap:creatable="false" sap:updatable="false" sap:sortable="false" sap:filterable="false"/>
            </EntityType>
            <EntityType Name="Cancelfill" sap:content-version="1">
                <Key>
                    <PropertyRef Name="Gpassno"/>
                </Key>
                <Property Name="Gpassdt" Type="Edm.DateTime" Precision="7" sap:unicode="false" sap:label="Gate Pass Date" sap:creatable="false" sap:updatable="false" sap:sortable="false" sap:filterable="false"/>
                <Property Name="Gpassno" Type="Edm.String" Nullable="false" MaxLength="10" sap:unicode="false" sap:label="Gatepass Number" sap:creatable="false" sap:updatable="false" sap:sortable="false" sap:filterable="false"/>
                <Property Name="MatDoc" Type="Edm.String" Nullable="false" MaxLength="10" sap:unicode="false" sap:label="Material Doc." sap:creatable="false" sap:updatable="false" sap:sortable="false" sap:filterable="false"/>
                <Property Name="DocYear" Type="Edm.String" Nullable="false" MaxLength="4" sap:unicode="false" sap:label="Mat. Doc. Year" sap:creatable="false" sap:updatable="false" sap:sortable="false" sap:filterable="false"/>
                <Property Name="Insplot" Type="Edm.String" Nullable="false" MaxLength="12" sap:unicode="false" sap:label="Inspection lot" sap:creatable="false" sap:updatable="false" sap:sortable="false" sap:filterable="false"/>
                <Property Name="Message" Type="Edm.String" Nullable="false" MaxLength="220" sap:unicode="false" sap:label="Message text" sap:creatable="false" sap:updatable="false" sap:sortable="false" sap:filterable="false"/>
            </EntityType>
            <EntityType Name="Cancelqafill" sap:content-version="1">
                <Key>
                    <PropertyRef Name="Gpassno"/>
                </Key>
                <Property Name="Gpassno" Type="Edm.String" Nullable="false" MaxLength="10" sap:unicode="false" sap:label="Gatepass Number" sap:creatable="false" sap:updatable="false" sap:sortable="false" sap:filterable="false"/>
                <Property Name="Insplot" Type="Edm.String" Nullable="false" MaxLength="12" sap:unicode="false" sap:label="Inspection lot" sap:creatable="false" sap:updatable="false" sap:sortable="false" sap:filterable="false"/>
                <Property Name="Message" Type="Edm.String" Nullable="false" MaxLength="220" sap:unicode="false" sap:label="Message text" sap:creatable="false" sap:updatable="false" sap:sortable="false" sap:filterable="false"/>
            </EntityType>
            <EntityType Name="Smartform" m:HasStream="true" sap:content-version="1">
                <Key>
                    <PropertyRef Name="Gpassno"/>
                    <PropertyRef Name="Formname"/>
                </Key>
                <Property Name="Value" Type="Edm.Binary" Nullable="false" sap:unicode="false" sap:label="xstring" sap:creatable="false" sap:updatable="false" sap:sortable="false" sap:filterable="false"/>
                <Property Name="Gpassno" Type="Edm.String" Nullable="false" MaxLength="10" sap:unicode="false" sap:label="Gatepass Number" sap:creatable="false" sap:updatable="false" sap:sortable="false" sap:filterable="false"/>
                <Property Name="Message" Type="Edm.String" Nullable="false" MaxLength="220" sap:unicode="false" sap:label="Message text" sap:creatable="false" sap:updatable="false" sap:sortable="false" sap:filterable="false"/>
                <Property Name="Mimetype" Type="Edm.String" Nullable="false" MaxLength="100" sap:unicode="false" sap:label="MIMETYPE" sap:creatable="false" sap:updatable="false" sap:sortable="false" sap:filterable="false"/>
                <Property Name="Formname" Type="Edm.String" Nullable="false" MaxLength="30" sap:unicode="false" sap:label="FormName" sap:creatable="false" sap:updatable="false" sap:sortable="false" sap:filterable="false"/>
                <Property Name="Url" Type="Edm.String" Nullable="false" sap:unicode="false" sap:label="Url" sap:creatable="false" sap:updatable="false" sap:sortable="false" sap:filterable="false"/>
            </EntityType>
            <EntityType Name="GateEntry" sap:content-version="1">
                <Key>
                    <PropertyRef Name="Genum"/>
                    <PropertyRef Name="Po"/>
                </Key>
                <Property Name="Genum" Type="Edm.String" Nullable="false" MaxLength="10" sap:unicode="false" sap:label="Gate Entry No" sap:creatable="false" sap:updatable="false" sap:sortable="false" sap:filterable="false"/>
                <Property Name="Lrno" Type="Edm.String" Nullable="false" MaxLength="16" sap:unicode="false" sap:label="Reference" sap:creatable="false" sap:updatable="false" sap:sortable="false" sap:filterable="false"/>
                <Property Name="Po" Type="Edm.String" Nullable="false" MaxLength="10" sap:unicode="false" sap:label="Purchasing Doc." sap:creatable="false" sap:updatable="false" sap:sortable="false" sap:filterable="false"/>
                <Property Name="Menge" Type="Edm.Decimal" Nullable="false" Precision="13" Scale="3" sap:unicode="false" sap:label="Quantity" sap:creatable="false" sap:updatable="false" sap:sortable="false" sap:filterable="false"/>
                <Property Name="Nopks" Type="Edm.String" Nullable="false" MaxLength="10" sap:unicode="false" sap:label="No of Packs" sap:creatable="false" sap:updatable="false" sap:sortable="false" sap:filterable="false"/>
                <Property Name="Trans" Type="Edm.String" Nullable="false" MaxLength="10" sap:unicode="false" sap:label="Transporter" sap:creatable="false" sap:updatable="false" sap:sortable="false" sap:filterable="false"/>
                <Property Name="Vbeln" Type="Edm.String" Nullable="false" MaxLength="10" sap:unicode="false" sap:label="SD Document" sap:creatable="false" sap:updatable="false" sap:sortable="false" sap:filterable="false"/>
                <Property Name="Fkdat" Type="Edm.DateTime" Precision="7" sap:unicode="false" sap:label="Billing Date" sap:creatable="false" sap:updatable="false" sap:sortable="false" sap:filterable="false"/>
                <Property Name="Chnum" Type="Edm.String" Nullable="false" MaxLength="15" sap:unicode="false" sap:label="Challan No" sap:creatable="false" sap:updatable="false" sap:sortable="false" sap:filterable="false"/>
                <Property Name="Chdat" Type="Edm.DateTime" Precision="7" sap:unicode="false" sap:label="Challan Date" sap:creatable="false" sap:updatable="false" sap:sortable="false" sap:filterable="false"/>
                <Property Name="Vehno" Type="Edm.String" Nullable="false" MaxLength="15" sap:unicode="false" sap:label="Vehicle No" sap:creatable="false" sap:updatable="false" sap:sortable="false" sap:filterable="false"/>
            </EntityType>
            <EntityType Name="zmm_station" sap:content-version="1">
                <Key>
                    <PropertyRef Name="ST_CODE"/>
                </Key>
                <Property Name="ST_NAME" Type="Edm.String" Nullable="false" MaxLength="40" sap:unicode="false" sap:label="Station Name" sap:creatable="false" sap:updatable="false" sap:sortable="false" sap:filterable="false"/>
                <Property Name="ST_CODE" Type="Edm.String" Nullable="false" MaxLength="4" sap:unicode="false" sap:label="Station Code" sap:creatable="false" sap:updatable="false" sap:sortable="false" sap:filterable="false"/>
            </EntityType>
            <EntityContainer Name="ZGW_GATEPASS_SRV_Entities" m:IsDefaultEntityContainer="true" sap:supported-formats="atom json xlsx">
                <EntitySet Name="HT001wSet" EntityType="ZGW_GATEPASS_SRV.HT001w" sap:creatable="false" sap:updatable="false" sap:deletable="false" sap:pageable="false" sap:content-version="1"/>
                <EntitySet Name="KredaSet" EntityType="ZGW_GATEPASS_SRV.Kreda" sap:creatable="false" sap:updatable="false" sap:deletable="false" sap:pageable="false" sap:content-version="1"/>
                <EntitySet Name="Mat0mSet" EntityType="ZGW_GATEPASS_SRV.Mat0m" sap:creatable="false" sap:updatable="false" sap:deletable="false" sap:pageable="false" sap:content-version="1"/>
                <EntitySet Name="polistSet" EntityType="ZGW_GATEPASS_SRV.polist" sap:creatable="false" sap:updatable="false" sap:deletable="false" sap:pageable="false" sap:content-version="1"/>
                <EntitySet Name="GatepasscreateSet" EntityType="ZGW_GATEPASS_SRV.Gatepasscreate" sap:creatable="false" sap:updatable="false" sap:deletable="false" sap:pageable="false" sap:content-version="1"/>
                <EntitySet Name="MigoSet" EntityType="ZGW_GATEPASS_SRV.Migo" sap:creatable="false" sap:updatable="false" sap:deletable="false" sap:pageable="false" sap:content-version="1"/>
                <EntitySet Name="QAcharSet" EntityType="ZGW_GATEPASS_SRV.QAchar" sap:creatable="false" sap:updatable="false" sap:deletable="false" sap:pageable="false" sap:content-version="1"/>
                <EntitySet Name="GatepasslistSet" EntityType="ZGW_GATEPASS_SRV.Gatepasslist" sap:creatable="false" sap:updatable="false" sap:deletable="false" sap:pageable="false" sap:content-version="1"/>
                <EntitySet Name="PaymentSet" EntityType="ZGW_GATEPASS_SRV.Payment" sap:creatable="false" sap:updatable="false" sap:deletable="false" sap:pageable="false" sap:content-version="1"/>
                <EntitySet Name="UserSet" EntityType="ZGW_GATEPASS_SRV.User" sap:creatable="false" sap:updatable="false" sap:deletable="false" sap:pageable="false" sap:content-version="1"/>
                <EntitySet Name="PonumberSet" EntityType="ZGW_GATEPASS_SRV.Ponumber" sap:creatable="false" sap:updatable="false" sap:deletable="false" sap:pageable="false" sap:content-version="1"/>
                <EntitySet Name="GpautofillSet" EntityType="ZGW_GATEPASS_SRV.Gpautofill" sap:creatable="false" sap:updatable="false" sap:deletable="false" sap:pageable="false" sap:content-version="1"/>
                <EntitySet Name="QASet" EntityType="ZGW_GATEPASS_SRV.QA" sap:creatable="false" sap:updatable="false" sap:deletable="false" sap:pageable="false" sap:content-version="1"/>
                <EntitySet Name="GatepasshelpSet" EntityType="ZGW_GATEPASS_SRV.Gatepasshelp" sap:creatable="false" sap:updatable="false" sap:deletable="false" sap:pageable="false" sap:content-version="1"/>
                <EntitySet Name="GatepassdtlSet" EntityType="ZGW_GATEPASS_SRV.Gatepassdtl" sap:creatable="false" sap:updatable="false" sap:deletable="false" sap:pageable="false" sap:content-version="1"/>
                <EntitySet Name="CancelfillSet" EntityType="ZGW_GATEPASS_SRV.Cancelfill" sap:creatable="false" sap:updatable="false" sap:deletable="false" sap:pageable="false" sap:content-version="1"/>
                <EntitySet Name="CancelqafillSet" EntityType="ZGW_GATEPASS_SRV.Cancelqafill" sap:creatable="false" sap:updatable="false" sap:deletable="false" sap:pageable="false" sap:content-version="1"/>
                <EntitySet Name="SmartformSet" EntityType="ZGW_GATEPASS_SRV.Smartform" sap:creatable="false" sap:updatable="false" sap:deletable="false" sap:pageable="false" sap:content-version="1"/>
                <EntitySet Name="GateEntrySet" EntityType="ZGW_GATEPASS_SRV.GateEntry" sap:creatable="false" sap:updatable="false" sap:deletable="false" sap:pageable="false" sap:content-version="1"/>
                <EntitySet Name="zmm_stationset" EntityType="ZGW_GATEPASS_SRV.zmm_station" sap:creatable="false" sap:updatable="false" sap:deletable="false" sap:pageable="false" sap:content-version="1"/>
            </EntityContainer>
            <atom:link rel="self" href="http://115.124.114.198:8009/sap/opu/odata/sap/ZGW_GATEPASS_SRV/$metadata" xmlns:atom="http://www.w3.org/2005/Atom"/>
            <atom:link rel="latest-version" href="http://115.124.114.198:8009/sap/opu/odata/sap/ZGW_GATEPASS_SRV/$metadata" xmlns:atom="http://www.w3.org/2005/Atom"/>
        </Schema>
    </edmx:DataServices>
</edmx:Edmx>