{
  "test/testsuite.qunit.js.map": 1723618348069,
  "controller/Cancel_Migo.controller.js": 1722583601923,
  "test/unit/controller/CancelDashboard-dbg.controller.js": 1721998530000,
  "test/integration/pages/CancelDashboard.js": 1721998528000,
  "test/integration/pages/CancelDashboard-dbg.js": 1721998528000,
  "test/integration/arrangements/Startup.js": 1721998528000,
  "test/integration/arrangements/Startup-dbg.js": 1721998526000,
  "test/unit/unitTests.qunit.js": 1721998530000,
  "test/unit/unitTests.qunit-dbg.js": 1721998530000,
  "test/unit/AllTests.js": 1721998528000,
  "test/unit/AllTests-dbg.js": 1721998528000,
  "test/integration/opaTests.qunit.js": 1721998528000,
  "test/integration/opaTests.qunit-dbg.js": 1721998528000,
  "test/integration/NavigationJourney.js": 1721998526000,
  "test/integration/NavigationJourney-dbg.js": 1721998526000,
  "test/integration/AllJourneys.js": 1721998526000,
  "test/integration/AllJourneys-dbg.js": 1721998526000,
  "test/testsuite.qunit.js": 1721998528000,
  "test/testsuite.qunit-dbg.js": 1721998528000,
  "test/locate-reuse-libs.js": 1721978915575,
  "resources/sap-ui-version.json": 1721998526000,
  "model/models.js": 1721998526000,
  "model/models-dbg.js": 1721998526000,
  "localService/mockserver.js": 1721978915691,
  "controller/Cancel_QA.controller.js": 1723103879238,
  "test/unit/controller/CancelDashboard.controller.js": 1721998530000,
  "controller/Cancel_GP.controller.js": 1721998524000,
  "controller/CancelDashboard.controller.js": 1721998524000,
  "manifest.json": 1722492474809,
  "Component.js": 1721998520000,
  "test/testsuite.qunit-dbg-dbg.js": 1721998528000,
  "test/testsuite.qunit-dbg.js.map": 1723618348063,
  "test/unit/controller/CancelDashboard-dbg-dbg.controller.js": 1721998528000,
  "test/unit/controller/CancelDashboard-dbg.controller.js.map": 1723618348062,
  "test/integration/pages/CancelDashboard.js.map": 1723618348063,
  "test/integration/pages/CancelDashboard-dbg-dbg.js": 1721998528000,
  "test/integration/pages/CancelDashboard-dbg.js.map": 1723618348063,
  "test/integration/arrangements/Startup.js.map": 1723618348066,
  "test/integration/arrangements/Startup-dbg-dbg.js": 1721998526000,
  "test/integration/arrangements/Startup-dbg.js.map": 1723618348066,
  "test/unit/unitTests.qunit.js.map": 1723618348065,
  "test/unit/unitTests.qunit-dbg-dbg.js": 1721998530000,
  "test/unit/unitTests.qunit-dbg.js.map": 1723618348065,
  "test/unit/AllTests.js.map": 1723618348066,
  "test/unit/AllTests-dbg-dbg.js": 1721998528000,
  "test/unit/AllTests-dbg.js.map": 1723618348066,
  "test/integration/opaTests.qunit.js.map": 1723618348067,
  "test/integration/opaTests.qunit-dbg-dbg.js": 1721998528000,
  "test/integration/opaTests.qunit-dbg.js.map": 1723618348067,
  "test/integration/NavigationJourney.js.map": 1723618348067,
  "test/integration/NavigationJourney-dbg-dbg.js": 1721998526000,
  "test/integration/NavigationJourney-dbg.js.map": 1723618348068,
  "test/integration/AllJourneys.js.map": 1723618348069,
  "test/integration/AllJourneys-dbg-dbg.js": 1721998526000,
  "test/integration/AllJourneys-dbg.js.map": 1723618348068,
  "i18n/i18n.properties": 1721998524000,
  "controller/Cancel_Migo-dbg.controller.js": 1722583601923,
  "controller/Cancel_Migo.controller.js.map": 1723618348083,
  "test/locate-reuse-libs-dbg.js": 1721978915575,
  "test/locate-reuse-libs.js.map": 1723618348092,
  "model/models.js.map": 1723618348073,
  "model/models-dbg-dbg.js": 1721998526000,
  "model/models-dbg.js.map": 1723618348073,
  "localService/mockserver-dbg.js": 1721978915691,
  "localService/mockserver.js.map": 1723618348084,
  "controller/Cancel_QA-dbg.controller.js": 1723103879238,
  "controller/Cancel_QA.controller.js.map": 1723618348083,
  "test/unit/controller/CancelDashboard.controller.js.map": 1723618348084,
  "controller/Cancel_GP-dbg.controller.js": 1721998524000,
  "controller/Cancel_GP.controller.js.map": 1723618348095,
  "controller/CancelDashboard-dbg.controller.js": 1721998524000,
  "controller/CancelDashboard.controller.js.map": 1723618348092,
  "Component-dbg.js": 1721998520000,
  "Component.js.map": 1723618348092,
  "Component-preload.js": 1723618348180,
  "Component-preload.js.map": 1723618348180,
  "test/unit/unitTests.qunit.html": 1721998530000,
  "test/integration/opaTests.qunit.html": 1721998528000,
  "view/Cancel_QA.view.xml": 1723103873053,
  "view/Cancel_Migo.view.xml": 1722492996190,
  "view/Cancel_GP.view.xml": 1722492799867,
  "view/CancelDashboard.view.xml": 1721998530000,
  "test/testsuite.qunit.html": 1721998528000,
  "test/flpSandboxMockServer.html": 1721978915691,
  "test/flpSandbox.html": 1721978915635,
  "localService/metadata.xml": 1723101990704,
  "css/style.css": 1721998524000,
  "Image/vb.jpg": 1721998524000,
  "Image/cancel.jpg": 1721998524000,
  "index.html": 1721978915571
}